case_id,original_input_id,transformation_type,original_text,transformed_text,expected_label,manual_review_status,manual_review_notes
orig_refund_request_001_paraphrase_01,orig_refund_request_001,paraphrase,Quero meu dinheiro de volta pelo produto que recebi com defeito.,"Preciso que a loja providencie a devolucao do valor, pois quero meu dinheiro de volta pelo produto que recebi com defeito.",refund_request,pending,
orig_refund_request_001_paraphrase_02,orig_refund_request_001,paraphrase,Quero meu dinheiro de volta pelo produto que recebi com defeito.,Estou pedindo reembolso porque quero meu dinheiro de volta pelo produto que recebi com defeito.,refund_request,pending,
orig_refund_request_001_paraphrase_03,orig_refund_request_001,paraphrase,Quero meu dinheiro de volta pelo produto que recebi com defeito.,"Quero receber de volta o dinheiro pago, ja que quero meu dinheiro de volta pelo produto que recebi com defeito.",refund_request,pending,
orig_refund_request_001_punctuation_01,orig_refund_request_001,punctuation,Quero meu dinheiro de volta pelo produto que recebi com defeito.,quero meu dinheiro de volta pelo produto que recebi com defeito...,refund_request,pending,
orig_refund_request_001_capitalization_01,orig_refund_request_001,capitalization,Quero meu dinheiro de volta pelo produto que recebi com defeito.,QUERO MEU DINHEIRO DE VOLTA PELO PRODUTO QUE RECEBI COM DEFEITO.,refund_request,pending,
orig_refund_request_002_paraphrase_01,orig_refund_request_002,paraphrase,Gostaria de solicitar o reembolso da minha compra.,"Preciso que a loja providencie a devolucao do valor, pois gostaria de solicitar o reembolso da minha compra.",refund_request,pending,
orig_refund_request_002_paraphrase_02,orig_refund_request_002,paraphrase,Gostaria de solicitar o reembolso da minha compra.,Estou pedindo reembolso porque gostaria de solicitar o reembolso da minha compra.,refund_request,pending,
orig_refund_request_002_paraphrase_03,orig_refund_request_002,paraphrase,Gostaria de solicitar o reembolso da minha compra.,"Quero receber de volta o dinheiro pago, ja que gostaria de solicitar o reembolso da minha compra.",refund_request,pending,
orig_refund_request_002_punctuation_01,orig_refund_request_002,punctuation,Gostaria de solicitar o reembolso da minha compra.,gostaria de solicitar o reembolso da minha compra...,refund_request,pending,
orig_refund_request_002_capitalization_01,orig_refund_request_002,capitalization,Gostaria de solicitar o reembolso da minha compra.,gostaria de solicitar o reembolso da minha compra.,refund_request,pending,
orig_refund_request_003_paraphrase_01,orig_refund_request_003,paraphrase,Comprei ontem e preciso receber o valor de volta.,"Preciso que a loja providencie a devolucao do valor, pois comprei ontem e preciso receber o valor de volta.",refund_request,pending,
orig_refund_request_003_paraphrase_02,orig_refund_request_003,paraphrase,Comprei ontem e preciso receber o valor de volta.,Estou pedindo reembolso porque comprei ontem e preciso receber o valor de volta.,refund_request,pending,
orig_refund_request_003_paraphrase_03,orig_refund_request_003,paraphrase,Comprei ontem e preciso receber o valor de volta.,"Quero receber de volta o dinheiro pago, ja que comprei ontem e preciso receber o valor de volta.",refund_request,pending,
orig_refund_request_003_punctuation_01,orig_refund_request_003,punctuation,Comprei ontem e preciso receber o valor de volta.,comprei ontem e preciso receber o valor de volta...,refund_request,pending,
orig_refund_request_003_capitalization_01,orig_refund_request_003,capitalization,Comprei ontem e preciso receber o valor de volta.,COMPREI ontem E preciso RECEBER o VALOR de VOLTA.,refund_request,pending,
orig_refund_request_004_paraphrase_01,orig_refund_request_004,paraphrase,Podem devolver o dinheiro que paguei nesse pedido?,"Preciso que a loja providencie a devolucao do valor, pois podem devolver o dinheiro que paguei nesse pedido.",refund_request,pending,
orig_refund_request_004_paraphrase_02,orig_refund_request_004,paraphrase,Podem devolver o dinheiro que paguei nesse pedido?,Estou pedindo reembolso porque podem devolver o dinheiro que paguei nesse pedido.,refund_request,pending,
orig_refund_request_004_paraphrase_03,orig_refund_request_004,paraphrase,Podem devolver o dinheiro que paguei nesse pedido?,"Quero receber de volta o dinheiro pago, ja que podem devolver o dinheiro que paguei nesse pedido.",refund_request,pending,
orig_refund_request_004_punctuation_01,orig_refund_request_004,punctuation,Podem devolver o dinheiro que paguei nesse pedido?,podem devolver o dinheiro que paguei nesse pedido?,refund_request,pending,
orig_refund_request_004_capitalization_01,orig_refund_request_004,capitalization,Podem devolver o dinheiro que paguei nesse pedido?,PODEM DEVOLVER O DINHEIRO QUE PAGUEI NESSE PEDIDO?,refund_request,pending,
orig_refund_request_005_paraphrase_01,orig_refund_request_005,paraphrase,O item veio errado e quero o reembolso.,"Preciso que a loja providencie a devolucao do valor, pois o item veio errado e quero o reembolso.",refund_request,pending,
orig_refund_request_005_paraphrase_02,orig_refund_request_005,paraphrase,O item veio errado e quero o reembolso.,Estou pedindo reembolso porque o item veio errado e quero o reembolso.,refund_request,pending,
orig_refund_request_005_paraphrase_03,orig_refund_request_005,paraphrase,O item veio errado e quero o reembolso.,"Quero receber de volta o dinheiro pago, ja que o item veio errado e quero o reembolso.",refund_request,pending,
orig_refund_request_005_punctuation_01,orig_refund_request_005,punctuation,O item veio errado e quero o reembolso.,o item veio errado e quero o reembolso...,refund_request,pending,
orig_refund_request_005_capitalization_01,orig_refund_request_005,capitalization,O item veio errado e quero o reembolso.,o item veio errado e quero o reembolso.,refund_request,pending,
orig_refund_request_006_paraphrase_01,orig_refund_request_006,paraphrase,Preciso abrir uma solicitacao para receber meu pagamento de volta.,"Preciso que a loja providencie a devolucao do valor, pois preciso abrir uma solicitacao para receber meu pagamento de volta.",refund_request,pending,
orig_refund_request_006_paraphrase_02,orig_refund_request_006,paraphrase,Preciso abrir uma solicitacao para receber meu pagamento de volta.,Estou pedindo reembolso porque preciso abrir uma solicitacao para receber meu pagamento de volta.,refund_request,pending,
orig_refund_request_006_paraphrase_03,orig_refund_request_006,paraphrase,Preciso abrir uma solicitacao para receber meu pagamento de volta.,"Quero receber de volta o dinheiro pago, ja que preciso abrir uma solicitacao para receber meu pagamento de volta.",refund_request,pending,
orig_refund_request_006_punctuation_01,orig_refund_request_006,punctuation,Preciso abrir uma solicitacao para receber meu pagamento de volta.,preciso abrir uma solicitacao para receber meu pagamento de volta...,refund_request,pending,
orig_refund_request_006_capitalization_01,orig_refund_request_006,capitalization,Preciso abrir uma solicitacao para receber meu pagamento de volta.,PRECISO abrir UMA solicitacao PARA receber MEU pagamento DE volta.,refund_request,pending,
orig_refund_request_007_paraphrase_01,orig_refund_request_007,paraphrase,Nao fiquei satisfeito com a compra e quero a devolucao do valor.,"Preciso que a loja providencie a devolucao do valor, pois nao fiquei satisfeito com a compra e quero a devolucao do valor.",refund_request,pending,
orig_refund_request_007_paraphrase_02,orig_refund_request_007,paraphrase,Nao fiquei satisfeito com a compra e quero a devolucao do valor.,Estou pedindo reembolso porque nao fiquei satisfeito com a compra e quero a devolucao do valor.,refund_request,pending,
orig_refund_request_007_paraphrase_03,orig_refund_request_007,paraphrase,Nao fiquei satisfeito com a compra e quero a devolucao do valor.,"Quero receber de volta o dinheiro pago, ja que nao fiquei satisfeito com a compra e quero a devolucao do valor.",refund_request,pending,
orig_refund_request_007_punctuation_01,orig_refund_request_007,punctuation,Nao fiquei satisfeito com a compra e quero a devolucao do valor.,nao fiquei satisfeito com a compra e quero a devolucao do valor...,refund_request,pending,
orig_refund_request_007_capitalization_01,orig_refund_request_007,capitalization,Nao fiquei satisfeito com a compra e quero a devolucao do valor.,NAO FIQUEI SATISFEITO COM A COMPRA E QUERO A DEVOLUCAO DO VALOR.,refund_request,pending,
orig_refund_request_008_paraphrase_01,orig_refund_request_008,paraphrase,Como faco para pedir reembolso desse produto?,"Preciso que a loja providencie a devolucao do valor, pois como faco para pedir reembolso desse produto.",refund_request,pending,
orig_refund_request_008_paraphrase_02,orig_refund_request_008,paraphrase,Como faco para pedir reembolso desse produto?,Estou pedindo reembolso porque como faco para pedir reembolso desse produto.,refund_request,pending,
orig_refund_request_008_paraphrase_03,orig_refund_request_008,paraphrase,Como faco para pedir reembolso desse produto?,"Quero receber de volta o dinheiro pago, ja que como faco para pedir reembolso desse produto.",refund_request,pending,
orig_refund_request_008_punctuation_01,orig_refund_request_008,punctuation,Como faco para pedir reembolso desse produto?,como faco para pedir reembolso desse produto?,refund_request,pending,
orig_refund_request_008_capitalization_01,orig_refund_request_008,capitalization,Como faco para pedir reembolso desse produto?,como faco para pedir reembolso desse produto?,refund_request,pending,
orig_refund_request_009_paraphrase_01,orig_refund_request_009,paraphrase,O pedido chegou quebrado e desejo meu dinheiro de volta.,"Preciso que a loja providencie a devolucao do valor, pois o pedido chegou quebrado e desejo meu dinheiro de volta.",refund_request,pending,
orig_refund_request_009_paraphrase_02,orig_refund_request_009,paraphrase,O pedido chegou quebrado e desejo meu dinheiro de volta.,Estou pedindo reembolso porque o pedido chegou quebrado e desejo meu dinheiro de volta.,refund_request,pending,
orig_refund_request_009_paraphrase_03,orig_refund_request_009,paraphrase,O pedido chegou quebrado e desejo meu dinheiro de volta.,"Quero receber de volta o dinheiro pago, ja que o pedido chegou quebrado e desejo meu dinheiro de volta.",refund_request,pending,
orig_refund_request_009_punctuation_01,orig_refund_request_009,punctuation,O pedido chegou quebrado e desejo meu dinheiro de volta.,o pedido chegou quebrado e desejo meu dinheiro de volta...,refund_request,pending,
orig_refund_request_009_capitalization_01,orig_refund_request_009,capitalization,O pedido chegou quebrado e desejo meu dinheiro de volta.,O pedido CHEGOU quebrado E desejo MEU dinheiro DE volta.,refund_request,pending,
orig_refund_request_010_paraphrase_01,orig_refund_request_010,paraphrase,Solicito a devolucao do valor pago na minha ultima compra.,"Preciso que a loja providencie a devolucao do valor, pois solicito a devolucao do valor pago na minha ultima compra.",refund_request,pending,
orig_refund_request_010_paraphrase_02,orig_refund_request_010,paraphrase,Solicito a devolucao do valor pago na minha ultima compra.,Estou pedindo reembolso porque solicito a devolucao do valor pago na minha ultima compra.,refund_request,pending,
orig_refund_request_010_paraphrase_03,orig_refund_request_010,paraphrase,Solicito a devolucao do valor pago na minha ultima compra.,"Quero receber de volta o dinheiro pago, ja que solicito a devolucao do valor pago na minha ultima compra.",refund_request,pending,
orig_refund_request_010_punctuation_01,orig_refund_request_010,punctuation,Solicito a devolucao do valor pago na minha ultima compra.,solicito a devolucao do valor pago na minha ultima compra...,refund_request,pending,
orig_refund_request_010_capitalization_01,orig_refund_request_010,capitalization,Solicito a devolucao do valor pago na minha ultima compra.,SOLICITO A DEVOLUCAO DO VALOR PAGO NA MINHA ULTIMA COMPRA.,refund_request,pending,
orig_cancel_order_001_paraphrase_01,orig_cancel_order_001,paraphrase,Quero cancelar meu pedido.,"Preciso encerrar a compra, pois quero cancelar meu pedido.",cancel_order,pending,
orig_cancel_order_001_paraphrase_02,orig_cancel_order_001,paraphrase,Quero cancelar meu pedido.,"Gostaria que o pedido fosse cancelado, ja que quero cancelar meu pedido.",cancel_order,pending,
orig_cancel_order_001_paraphrase_03,orig_cancel_order_001,paraphrase,Quero cancelar meu pedido.,"Nao quero seguir com a compra, porque quero cancelar meu pedido.",cancel_order,pending,
orig_cancel_order_001_punctuation_01,orig_cancel_order_001,punctuation,Quero cancelar meu pedido.,quero cancelar meu pedido...,cancel_order,pending,
orig_cancel_order_001_capitalization_01,orig_cancel_order_001,capitalization,Quero cancelar meu pedido.,quero cancelar meu pedido.,cancel_order,pending,
orig_cancel_order_002_paraphrase_01,orig_cancel_order_002,paraphrase,Gostaria de cancelar a compra que acabei de fazer.,"Preciso encerrar a compra, pois gostaria de cancelar a compra que acabei de fazer.",cancel_order,pending,
orig_cancel_order_002_paraphrase_02,orig_cancel_order_002,paraphrase,Gostaria de cancelar a compra que acabei de fazer.,"Gostaria que o pedido fosse cancelado, ja que gostaria de cancelar a compra que acabei de fazer.",cancel_order,pending,
orig_cancel_order_002_paraphrase_03,orig_cancel_order_002,paraphrase,Gostaria de cancelar a compra que acabei de fazer.,"Nao quero seguir com a compra, porque gostaria de cancelar a compra que acabei de fazer.",cancel_order,pending,
orig_cancel_order_002_punctuation_01,orig_cancel_order_002,punctuation,Gostaria de cancelar a compra que acabei de fazer.,gostaria de cancelar a compra que acabei de fazer...,cancel_order,pending,
orig_cancel_order_002_capitalization_01,orig_cancel_order_002,capitalization,Gostaria de cancelar a compra que acabei de fazer.,GOSTARIA de CANCELAR a COMPRA que ACABEI de FAZER.,cancel_order,pending,
orig_cancel_order_003_paraphrase_01,orig_cancel_order_003,paraphrase,Ainda da tempo de cancelar meu pedido?,"Preciso encerrar a compra, pois ainda da tempo de cancelar meu pedido.",cancel_order,pending,
orig_cancel_order_003_paraphrase_02,orig_cancel_order_003,paraphrase,Ainda da tempo de cancelar meu pedido?,"Gostaria que o pedido fosse cancelado, ja que ainda da tempo de cancelar meu pedido.",cancel_order,pending,
orig_cancel_order_003_paraphrase_03,orig_cancel_order_003,paraphrase,Ainda da tempo de cancelar meu pedido?,"Nao quero seguir com a compra, porque ainda da tempo de cancelar meu pedido.",cancel_order,pending,
orig_cancel_order_003_punctuation_01,orig_cancel_order_003,punctuation,Ainda da tempo de cancelar meu pedido?,ainda da tempo de cancelar meu pedido?,cancel_order,pending,
orig_cancel_order_003_capitalization_01,orig_cancel_order_003,capitalization,Ainda da tempo de cancelar meu pedido?,AINDA DA TEMPO DE CANCELAR MEU PEDIDO?,cancel_order,pending,
orig_cancel_order_004_paraphrase_01,orig_cancel_order_004,paraphrase,Por favor cancelem a minha compra antes do envio.,"Preciso encerrar a compra, pois por favor cancelem a minha compra antes do envio.",cancel_order,pending,
orig_cancel_order_004_paraphrase_02,orig_cancel_order_004,paraphrase,Por favor cancelem a minha compra antes do envio.,"Gostaria que o pedido fosse cancelado, ja que por favor cancelem a minha compra antes do envio.",cancel_order,pending,
orig_cancel_order_004_paraphrase_03,orig_cancel_order_004,paraphrase,Por favor cancelem a minha compra antes do envio.,"Nao quero seguir com a compra, porque por favor cancelem a minha compra antes do envio.",cancel_order,pending,
orig_cancel_order_004_punctuation_01,orig_cancel_order_004,punctuation,Por favor cancelem a minha compra antes do envio.,por favor cancelem a minha compra antes do envio...,cancel_order,pending,
orig_cancel_order_004_capitalization_01,orig_cancel_order_004,capitalization,Por favor cancelem a minha compra antes do envio.,por favor cancelem a minha compra antes do envio.,cancel_order,pending,
orig_cancel_order_005_paraphrase_01,orig_cancel_order_005,paraphrase,Preciso desistir do pedido feito hoje.,"Preciso encerrar a compra, pois preciso desistir do pedido feito hoje.",cancel_order,pending,
orig_cancel_order_005_paraphrase_02,orig_cancel_order_005,paraphrase,Preciso desistir do pedido feito hoje.,"Gostaria que o pedido fosse cancelado, ja que preciso desistir do pedido feito hoje.",cancel_order,pending,
orig_cancel_order_005_paraphrase_03,orig_cancel_order_005,paraphrase,Preciso desistir do pedido feito hoje.,"Nao quero seguir com a compra, porque preciso desistir do pedido feito hoje.",cancel_order,pending,
orig_cancel_order_005_punctuation_01,orig_cancel_order_005,punctuation,Preciso desistir do pedido feito hoje.,preciso desistir do pedido feito hoje...,cancel_order,pending,
orig_cancel_order_005_capitalization_01,orig_cancel_order_005,capitalization,Preciso desistir do pedido feito hoje.,PRECISO desistir DO pedido FEITO hoje.,cancel_order,pending,
orig_cancel_order_006_paraphrase_01,orig_cancel_order_006,paraphrase,Nao quero mais esse produto e desejo cancelar o pedido.,"Preciso encerrar a compra, pois nao quero mais esse produto e desejo cancelar o pedido.",cancel_order,pending,
orig_cancel_order_006_paraphrase_02,orig_cancel_order_006,paraphrase,Nao quero mais esse produto e desejo cancelar o pedido.,"Gostaria que o pedido fosse cancelado, ja que nao quero mais esse produto e desejo cancelar o pedido.",cancel_order,pending,
orig_cancel_order_006_paraphrase_03,orig_cancel_order_006,paraphrase,Nao quero mais esse produto e desejo cancelar o pedido.,"Nao quero seguir com a compra, porque nao quero mais esse produto e desejo cancelar o pedido.",cancel_order,pending,
orig_cancel_order_006_punctuation_01,orig_cancel_order_006,punctuation,Nao quero mais esse produto e desejo cancelar o pedido.,nao quero mais esse produto e desejo cancelar o pedido...,cancel_order,pending,
orig_cancel_order_006_capitalization_01,orig_cancel_order_006,capitalization,Nao quero mais esse produto e desejo cancelar o pedido.,NAO QUERO MAIS ESSE PRODUTO E DESEJO CANCELAR O PEDIDO.,cancel_order,pending,
orig_cancel_order_007_paraphrase_01,orig_cancel_order_007,paraphrase,Como faco para interromper a compra antes de ser entregue?,"Preciso encerrar a compra, pois como faco para interromper a compra antes de ser entregue.",cancel_order,pending,
orig_cancel_order_007_paraphrase_02,orig_cancel_order_007,paraphrase,Como faco para interromper a compra antes de ser entregue?,"Gostaria que o pedido fosse cancelado, ja que como faco para interromper a compra antes de ser entregue.",cancel_order,pending,
orig_cancel_order_007_paraphrase_03,orig_cancel_order_007,paraphrase,Como faco para interromper a compra antes de ser entregue?,"Nao quero seguir com a compra, porque como faco para interromper a compra antes de ser entregue.",cancel_order,pending,
orig_cancel_order_007_punctuation_01,orig_cancel_order_007,punctuation,Como faco para interromper a compra antes de ser entregue?,como faco para interromper a compra antes de ser entregue?,cancel_order,pending,
orig_cancel_order_007_capitalization_01,orig_cancel_order_007,capitalization,Como faco para interromper a compra antes de ser entregue?,como faco para interromper a compra antes de ser entregue?,cancel_order,pending,
orig_cancel_order_008_paraphrase_01,orig_cancel_order_008,paraphrase,Cancele o pedido numero 4587 por favor.,"Preciso encerrar a compra, pois cancele o pedido numero 4587 por favor.",cancel_order,pending,
orig_cancel_order_008_paraphrase_02,orig_cancel_order_008,paraphrase,Cancele o pedido numero 4587 por favor.,"Gostaria que o pedido fosse cancelado, ja que cancele o pedido numero 4587 por favor.",cancel_order,pending,
orig_cancel_order_008_paraphrase_03,orig_cancel_order_008,paraphrase,Cancele o pedido numero 4587 por favor.,"Nao quero seguir com a compra, porque cancele o pedido numero 4587 por favor.",cancel_order,pending,
orig_cancel_order_008_punctuation_01,orig_cancel_order_008,punctuation,Cancele o pedido numero 4587 por favor.,cancele o pedido numero 4587 por favor...,cancel_order,pending,
orig_cancel_order_008_capitalization_01,orig_cancel_order_008,capitalization,Cancele o pedido numero 4587 por favor.,CANCELE o PEDIDO numero 4587 por FAVOR.,cancel_order,pending,
orig_cancel_order_009_paraphrase_01,orig_cancel_order_009,paraphrase,Fiz uma compra por engano e quero cancelar.,"Preciso encerrar a compra, pois fiz uma compra por engano e quero cancelar.",cancel_order,pending,
orig_cancel_order_009_paraphrase_02,orig_cancel_order_009,paraphrase,Fiz uma compra por engano e quero cancelar.,"Gostaria que o pedido fosse cancelado, ja que fiz uma compra por engano e quero cancelar.",cancel_order,pending,
orig_cancel_order_009_paraphrase_03,orig_cancel_order_009,paraphrase,Fiz uma compra por engano e quero cancelar.,"Nao quero seguir com a compra, porque fiz uma compra por engano e quero cancelar.",cancel_order,pending,
orig_cancel_order_009_punctuation_01,orig_cancel_order_009,punctuation,Fiz uma compra por engano e quero cancelar.,fiz uma compra por engano e quero cancelar...,cancel_order,pending,
orig_cancel_order_009_capitalization_01,orig_cancel_order_009,capitalization,Fiz uma compra por engano e quero cancelar.,FIZ UMA COMPRA POR ENGANO E QUERO CANCELAR.,cancel_order,pending,
orig_cancel_order_010_paraphrase_01,orig_cancel_order_010,paraphrase,Solicito o cancelamento da minha ultima compra.,"Preciso encerrar a compra, pois solicito o cancelamento da minha ultima compra.",cancel_order,pending,
orig_cancel_order_010_paraphrase_02,orig_cancel_order_010,paraphrase,Solicito o cancelamento da minha ultima compra.,"Gostaria que o pedido fosse cancelado, ja que solicito o cancelamento da minha ultima compra.",cancel_order,pending,
orig_cancel_order_010_paraphrase_03,orig_cancel_order_010,paraphrase,Solicito o cancelamento da minha ultima compra.,"Nao quero seguir com a compra, porque solicito o cancelamento da minha ultima compra.",cancel_order,pending,
orig_cancel_order_010_punctuation_01,orig_cancel_order_010,punctuation,Solicito o cancelamento da minha ultima compra.,solicito o cancelamento da minha ultima compra...,cancel_order,pending,
orig_cancel_order_010_capitalization_01,orig_cancel_order_010,capitalization,Solicito o cancelamento da minha ultima compra.,solicito o cancelamento da minha ultima compra.,cancel_order,pending,
orig_delivery_problem_001_paraphrase_01,orig_delivery_problem_001,paraphrase,Minha entrega ainda nao chegou.,Estou com um problema de entrega: minha entrega ainda nao chegou.,delivery_problem,pending,
orig_delivery_problem_001_paraphrase_02,orig_delivery_problem_001,paraphrase,Minha entrega ainda nao chegou.,"Preciso de ajuda com o recebimento do pedido, pois minha entrega ainda nao chegou.",delivery_problem,pending,
orig_delivery_problem_001_paraphrase_03,orig_delivery_problem_001,paraphrase,Minha entrega ainda nao chegou.,Ha uma falha no envio do meu pedido: minha entrega ainda nao chegou.,delivery_problem,pending,
orig_delivery_problem_001_punctuation_01,orig_delivery_problem_001,punctuation,Minha entrega ainda nao chegou.,minha entrega ainda nao chegou...,delivery_problem,pending,
orig_delivery_problem_001_capitalization_01,orig_delivery_problem_001,capitalization,Minha entrega ainda nao chegou.,MINHA entrega AINDA nao CHEGOU.,delivery_problem,pending,
orig_delivery_problem_002_paraphrase_01,orig_delivery_problem_002,paraphrase,O rastreio do meu pedido nao atualiza ha varios dias.,Estou com um problema de entrega: o rastreio do meu pedido nao atualiza ha varios dias.,delivery_problem,pending,
orig_delivery_problem_002_paraphrase_02,orig_delivery_problem_002,paraphrase,O rastreio do meu pedido nao atualiza ha varios dias.,"Preciso de ajuda com o recebimento do pedido, pois o rastreio do meu pedido nao atualiza ha varios dias.",delivery_problem,pending,
orig_delivery_problem_002_paraphrase_03,orig_delivery_problem_002,paraphrase,O rastreio do meu pedido nao atualiza ha varios dias.,Ha uma falha no envio do meu pedido: o rastreio do meu pedido nao atualiza ha varios dias.,delivery_problem,pending,
orig_delivery_problem_002_punctuation_01,orig_delivery_problem_002,punctuation,O rastreio do meu pedido nao atualiza ha varios dias.,o rastreio do meu pedido nao atualiza ha varios dias...,delivery_problem,pending,
orig_delivery_problem_002_capitalization_01,orig_delivery_problem_002,capitalization,O rastreio do meu pedido nao atualiza ha varios dias.,O RASTREIO DO MEU PEDIDO NAO ATUALIZA HA VARIOS DIAS.,delivery_problem,pending,
orig_delivery_problem_003_paraphrase_01,orig_delivery_problem_003,paraphrase,Meu pacote aparece como entregue mas eu nao recebi nada.,Estou com um problema de entrega: meu pacote aparece como entregue mas eu nao recebi nada.,delivery_problem,pending,
orig_delivery_problem_003_paraphrase_02,orig_delivery_problem_003,paraphrase,Meu pacote aparece como entregue mas eu nao recebi nada.,"Preciso de ajuda com o recebimento do pedido, pois meu pacote aparece como entregue mas eu nao recebi nada.",delivery_problem,pending,
orig_delivery_problem_003_paraphrase_03,orig_delivery_problem_003,paraphrase,Meu pacote aparece como entregue mas eu nao recebi nada.,Ha uma falha no envio do meu pedido: meu pacote aparece como entregue mas eu nao recebi nada.,delivery_problem,pending,
orig_delivery_problem_003_punctuation_01,orig_delivery_problem_003,punctuation,Meu pacote aparece como entregue mas eu nao recebi nada.,meu pacote aparece como entregue mas eu nao recebi nada...,delivery_problem,pending,
orig_delivery_problem_003_capitalization_01,orig_delivery_problem_003,capitalization,Meu pacote aparece como entregue mas eu nao recebi nada.,meu pacote aparece como entregue mas eu nao recebi nada.,delivery_problem,pending,
orig_delivery_problem_004_paraphrase_01,orig_delivery_problem_004,paraphrase,A entrega esta atrasada e preciso saber o que aconteceu.,Estou com um problema de entrega: a entrega esta atrasada e preciso saber o que aconteceu.,delivery_problem,pending,
orig_delivery_problem_004_paraphrase_02,orig_delivery_problem_004,paraphrase,A entrega esta atrasada e preciso saber o que aconteceu.,"Preciso de ajuda com o recebimento do pedido, pois a entrega esta atrasada e preciso saber o que aconteceu.",delivery_problem,pending,
orig_delivery_problem_004_paraphrase_03,orig_delivery_problem_004,paraphrase,A entrega esta atrasada e preciso saber o que aconteceu.,Ha uma falha no envio do meu pedido: a entrega esta atrasada e preciso saber o que aconteceu.,delivery_problem,pending,
orig_delivery_problem_004_punctuation_01,orig_delivery_problem_004,punctuation,A entrega esta atrasada e preciso saber o que aconteceu.,a entrega esta atrasada e preciso saber o que aconteceu...,delivery_problem,pending,
orig_delivery_problem_004_capitalization_01,orig_delivery_problem_004,capitalization,A entrega esta atrasada e preciso saber o que aconteceu.,A entrega ESTA atrasada E preciso SABER o QUE aconteceu.,delivery_problem,pending,
orig_delivery_problem_005_paraphrase_01,orig_delivery_problem_005,paraphrase,O entregador nao encontrou meu endereco e o pedido voltou.,Estou com um problema de entrega: o entregador nao encontrou meu endereco e o pedido voltou.,delivery_problem,pending,
orig_delivery_problem_005_paraphrase_02,orig_delivery_problem_005,paraphrase,O entregador nao encontrou meu endereco e o pedido voltou.,"Preciso de ajuda com o recebimento do pedido, pois o entregador nao encontrou meu endereco e o pedido voltou.",delivery_problem,pending,
orig_delivery_problem_005_paraphrase_03,orig_delivery_problem_005,paraphrase,O entregador nao encontrou meu endereco e o pedido voltou.,Ha uma falha no envio do meu pedido: o entregador nao encontrou meu endereco e o pedido voltou.,delivery_problem,pending,
orig_delivery_problem_005_punctuation_01,orig_delivery_problem_005,punctuation,O entregador nao encontrou meu endereco e o pedido voltou.,o entregador nao encontrou meu endereco e o pedido voltou...,delivery_problem,pending,
orig_delivery_problem_005_capitalization_01,orig_delivery_problem_005,capitalization,O entregador nao encontrou meu endereco e o pedido voltou.,O ENTREGADOR NAO ENCONTROU MEU ENDERECO E O PEDIDO VOLTOU.,delivery_problem,pending,
orig_delivery_problem_006_paraphrase_01,orig_delivery_problem_006,paraphrase,Recebi apenas parte dos itens que deveriam chegar.,Estou com um problema de entrega: recebi apenas parte dos itens que deveriam chegar.,delivery_problem,pending,
orig_delivery_problem_006_paraphrase_02,orig_delivery_problem_006,paraphrase,Recebi apenas parte dos itens que deveriam chegar.,"Preciso de ajuda com o recebimento do pedido, pois recebi apenas parte dos itens que deveriam chegar.",delivery_problem,pending,
orig_delivery_problem_006_paraphrase_03,orig_delivery_problem_006,paraphrase,Recebi apenas parte dos itens que deveriam chegar.,Ha uma falha no envio do meu pedido: recebi apenas parte dos itens que deveriam chegar.,delivery_problem,pending,
orig_delivery_problem_006_punctuation_01,orig_delivery_problem_006,punctuation,Recebi apenas parte dos itens que deveriam chegar.,recebi apenas parte dos itens que deveriam chegar...,delivery_problem,pending,
orig_delivery_problem_006_capitalization_01,orig_delivery_problem_006,capitalization,Recebi apenas parte dos itens que deveriam chegar.,recebi apenas parte dos itens que deveriam chegar.,delivery_problem,pending,
orig_delivery_problem_007_paraphrase_01,orig_delivery_problem_007,paraphrase,Quero informacoes sobre o atraso na entrega do meu pedido.,Estou com um problema de entrega: quero informacoes sobre o atraso na entrega do meu pedido.,delivery_problem,pending,
orig_delivery_problem_007_paraphrase_02,orig_delivery_problem_007,paraphrase,Quero informacoes sobre o atraso na entrega do meu pedido.,"Preciso de ajuda com o recebimento do pedido, pois quero informacoes sobre o atraso na entrega do meu pedido.",delivery_problem,pending,
orig_delivery_problem_007_paraphrase_03,orig_delivery_problem_007,paraphrase,Quero informacoes sobre o atraso na entrega do meu pedido.,Ha uma falha no envio do meu pedido: quero informacoes sobre o atraso na entrega do meu pedido.,delivery_problem,pending,
orig_delivery_problem_007_punctuation_01,orig_delivery_problem_007,punctuation,Quero informacoes sobre o atraso na entrega do meu pedido.,quero informacoes sobre o atraso na entrega do meu pedido...,delivery_problem,pending,
orig_delivery_problem_007_capitalization_01,orig_delivery_problem_007,capitalization,Quero informacoes sobre o atraso na entrega do meu pedido.,QUERO informacoes SOBRE o ATRASO na ENTREGA do MEU pedido.,delivery_problem,pending,
orig_delivery_problem_008_paraphrase_01,orig_delivery_problem_008,paraphrase,Meu produto ficou parado na transportadora.,Estou com um problema de entrega: meu produto ficou parado na transportadora.,delivery_problem,pending,
orig_delivery_problem_008_paraphrase_02,orig_delivery_problem_008,paraphrase,Meu produto ficou parado na transportadora.,"Preciso de ajuda com o recebimento do pedido, pois meu produto ficou parado na transportadora.",delivery_problem,pending,
orig_delivery_problem_008_paraphrase_03,orig_delivery_problem_008,paraphrase,Meu produto ficou parado na transportadora.,Ha uma falha no envio do meu pedido: meu produto ficou parado na transportadora.,delivery_problem,pending,
orig_delivery_problem_008_punctuation_01,orig_delivery_problem_008,punctuation,Meu produto ficou parado na transportadora.,meu produto ficou parado na transportadora...,delivery_problem,pending,
orig_delivery_problem_008_capitalization_01,orig_delivery_problem_008,capitalization,Meu produto ficou parado na transportadora.,MEU PRODUTO FICOU PARADO NA TRANSPORTADORA.,delivery_problem,pending,
orig_delivery_problem_009_paraphrase_01,orig_delivery_problem_009,paraphrase,A previsao de entrega passou e nao tive nenhuma atualizacao.,Estou com um problema de entrega: a previsao de entrega passou e nao tive nenhuma atualizacao.,delivery_problem,pending,
orig_delivery_problem_009_paraphrase_02,orig_delivery_problem_009,paraphrase,A previsao de entrega passou e nao tive nenhuma atualizacao.,"Preciso de ajuda com o recebimento do pedido, pois a previsao de entrega passou e nao tive nenhuma atualizacao.",delivery_problem,pending,
orig_delivery_problem_009_paraphrase_03,orig_delivery_problem_009,paraphrase,A previsao de entrega passou e nao tive nenhuma atualizacao.,Ha uma falha no envio do meu pedido: a previsao de entrega passou e nao tive nenhuma atualizacao.,delivery_problem,pending,
orig_delivery_problem_009_punctuation_01,orig_delivery_problem_009,punctuation,A previsao de entrega passou e nao tive nenhuma atualizacao.,a previsao de entrega passou e nao tive nenhuma atualizacao...,delivery_problem,pending,
orig_delivery_problem_009_capitalization_01,orig_delivery_problem_009,capitalization,A previsao de entrega passou e nao tive nenhuma atualizacao.,a previsao de entrega passou e nao tive nenhuma atualizacao.,delivery_problem,pending,
orig_delivery_problem_010_paraphrase_01,orig_delivery_problem_010,paraphrase,O status diz que saiu para entrega mas nao chegou ate agora.,Estou com um problema de entrega: o status diz que saiu para entrega mas nao chegou ate agora.,delivery_problem,pending,
orig_delivery_problem_010_paraphrase_02,orig_delivery_problem_010,paraphrase,O status diz que saiu para entrega mas nao chegou ate agora.,"Preciso de ajuda com o recebimento do pedido, pois o status diz que saiu para entrega mas nao chegou ate agora.",delivery_problem,pending,
orig_delivery_problem_010_paraphrase_03,orig_delivery_problem_010,paraphrase,O status diz que saiu para entrega mas nao chegou ate agora.,Ha uma falha no envio do meu pedido: o status diz que saiu para entrega mas nao chegou ate agora.,delivery_problem,pending,
orig_delivery_problem_010_punctuation_01,orig_delivery_problem_010,punctuation,O status diz que saiu para entrega mas nao chegou ate agora.,o status diz que saiu para entrega mas nao chegou ate agora...,delivery_problem,pending,
orig_delivery_problem_010_capitalization_01,orig_delivery_problem_010,capitalization,O status diz que saiu para entrega mas nao chegou ate agora.,O status DIZ que SAIU para ENTREGA mas NAO chegou ATE agora.,delivery_problem,pending,
orig_payment_issue_001_paraphrase_01,orig_payment_issue_001,paraphrase,Meu pagamento foi recusado.,"Estou enfrentando um problema no pagamento, pois meu pagamento foi recusado.",payment_issue,pending,
orig_payment_issue_001_paraphrase_02,orig_payment_issue_001,paraphrase,Meu pagamento foi recusado.,Preciso de suporte com a cobranca porque meu pagamento foi recusado.,payment_issue,pending,
orig_payment_issue_001_paraphrase_03,orig_payment_issue_001,paraphrase,Meu pagamento foi recusado.,A compra teve uma falha relacionada ao pagamento: meu pagamento foi recusado.,payment_issue,pending,
orig_payment_issue_001_punctuation_01,orig_payment_issue_001,punctuation,Meu pagamento foi recusado.,meu pagamento foi recusado...,payment_issue,pending,
orig_payment_issue_001_capitalization_01,orig_payment_issue_001,capitalization,Meu pagamento foi recusado.,MEU PAGAMENTO FOI RECUSADO.,payment_issue,pending,
orig_payment_issue_002_paraphrase_01,orig_payment_issue_002,paraphrase,Tentei pagar com cartao e apareceu uma cobranca duplicada.,"Estou enfrentando um problema no pagamento, pois tentei pagar com cartao e apareceu uma cobranca duplicada.",payment_issue,pending,
orig_payment_issue_002_paraphrase_02,orig_payment_issue_002,paraphrase,Tentei pagar com cartao e apareceu uma cobranca duplicada.,Preciso de suporte com a cobranca porque tentei pagar com cartao e apareceu uma cobranca duplicada.,payment_issue,pending,
orig_payment_issue_002_paraphrase_03,orig_payment_issue_002,paraphrase,Tentei pagar com cartao e apareceu uma cobranca duplicada.,A compra teve uma falha relacionada ao pagamento: tentei pagar com cartao e apareceu uma cobranca duplicada.,payment_issue,pending,
orig_payment_issue_002_punctuation_01,orig_payment_issue_002,punctuation,Tentei pagar com cartao e apareceu uma cobranca duplicada.,tentei pagar com cartao e apareceu uma cobranca duplicada...,payment_issue,pending,
orig_payment_issue_002_capitalization_01,orig_payment_issue_002,capitalization,Tentei pagar com cartao e apareceu uma cobranca duplicada.,tentei pagar com cartao e apareceu uma cobranca duplicada.,payment_issue,pending,
orig_payment_issue_003_paraphrase_01,orig_payment_issue_003,paraphrase,O boleto venceu antes de eu conseguir concluir a compra.,"Estou enfrentando um problema no pagamento, pois o boleto venceu antes de eu conseguir concluir a compra.",payment_issue,pending,
orig_payment_issue_003_paraphrase_02,orig_payment_issue_003,paraphrase,O boleto venceu antes de eu conseguir concluir a compra.,Preciso de suporte com a cobranca porque o boleto venceu antes de eu conseguir concluir a compra.,payment_issue,pending,
orig_payment_issue_003_paraphrase_03,orig_payment_issue_003,paraphrase,O boleto venceu antes de eu conseguir concluir a compra.,A compra teve uma falha relacionada ao pagamento: o boleto venceu antes de eu conseguir concluir a compra.,payment_issue,pending,
orig_payment_issue_003_punctuation_01,orig_payment_issue_003,punctuation,O boleto venceu antes de eu conseguir concluir a compra.,o boleto venceu antes de eu conseguir concluir a compra...,payment_issue,pending,
orig_payment_issue_003_capitalization_01,orig_payment_issue_003,capitalization,O boleto venceu antes de eu conseguir concluir a compra.,O boleto VENCEU antes DE eu CONSEGUIR concluir A compra.,payment_issue,pending,
orig_payment_issue_004_paraphrase_01,orig_payment_issue_004,paraphrase,Fiz o pagamento por PIX mas o pedido ainda nao foi confirmado.,"Estou enfrentando um problema no pagamento, pois fiz o pagamento por PIX mas o pedido ainda nao foi confirmado.",payment_issue,pending,
orig_payment_issue_004_paraphrase_02,orig_payment_issue_004,paraphrase,Fiz o pagamento por PIX mas o pedido ainda nao foi confirmado.,Preciso de suporte com a cobranca porque fiz o pagamento por PIX mas o pedido ainda nao foi confirmado.,payment_issue,pending,
orig_payment_issue_004_paraphrase_03,orig_payment_issue_004,paraphrase,Fiz o pagamento por PIX mas o pedido ainda nao foi confirmado.,A compra teve uma falha relacionada ao pagamento: fiz o pagamento por PIX mas o pedido ainda nao foi confirmado.,payment_issue,pending,
orig_payment_issue_004_punctuation_01,orig_payment_issue_004,punctuation,Fiz o pagamento por PIX mas o pedido ainda nao foi confirmado.,fiz o pagamento por PIX mas o pedido ainda nao foi confirmado...,payment_issue,pending,
orig_payment_issue_004_capitalization_01,orig_payment_issue_004,capitalization,Fiz o pagamento por PIX mas o pedido ainda nao foi confirmado.,FIZ O PAGAMENTO POR PIX MAS O PEDIDO AINDA NAO FOI CONFIRMADO.,payment_issue,pending,
orig_payment_issue_005_paraphrase_01,orig_payment_issue_005,paraphrase,Nao consigo finalizar a compra porque o sistema rejeita meu cartao.,"Estou enfrentando um problema no pagamento, pois nao consigo finalizar a compra porque o sistema rejeita meu cartao.",payment_issue,pending,
orig_payment_issue_005_paraphrase_02,orig_payment_issue_005,paraphrase,Nao consigo finalizar a compra porque o sistema rejeita meu cartao.,Preciso de suporte com a cobranca porque nao consigo finalizar a compra porque o sistema rejeita meu cartao.,payment_issue,pending,
orig_payment_issue_005_paraphrase_03,orig_payment_issue_005,paraphrase,Nao consigo finalizar a compra porque o sistema rejeita meu cartao.,A compra teve uma falha relacionada ao pagamento: nao consigo finalizar a compra porque o sistema rejeita meu cartao.,payment_issue,pending,
orig_payment_issue_005_punctuation_01,orig_payment_issue_005,punctuation,Nao consigo finalizar a compra porque o sistema rejeita meu cartao.,nao consigo finalizar a compra porque o sistema rejeita meu cartao...,payment_issue,pending,
orig_payment_issue_005_capitalization_01,orig_payment_issue_005,capitalization,Nao consigo finalizar a compra porque o sistema rejeita meu cartao.,nao consigo finalizar a compra porque o sistema rejeita meu cartao.,payment_issue,pending,
orig_payment_issue_006_paraphrase_01,orig_payment_issue_006,paraphrase,A cobranca veio com valor diferente do carrinho.,"Estou enfrentando um problema no pagamento, pois a cobranca veio com valor diferente do carrinho.",payment_issue,pending,
orig_payment_issue_006_paraphrase_02,orig_payment_issue_006,paraphrase,A cobranca veio com valor diferente do carrinho.,Preciso de suporte com a cobranca porque a cobranca veio com valor diferente do carrinho.,payment_issue,pending,
orig_payment_issue_006_paraphrase_03,orig_payment_issue_006,paraphrase,A cobranca veio com valor diferente do carrinho.,A compra teve uma falha relacionada ao pagamento: a cobranca veio com valor diferente do carrinho.,payment_issue,pending,
orig_payment_issue_006_punctuation_01,orig_payment_issue_006,punctuation,A cobranca veio com valor diferente do carrinho.,a cobranca veio com valor diferente do carrinho...,payment_issue,pending,
orig_payment_issue_006_capitalization_01,orig_payment_issue_006,capitalization,A cobranca veio com valor diferente do carrinho.,A cobranca VEIO com VALOR diferente DO carrinho.,payment_issue,pending,
orig_payment_issue_007_paraphrase_01,orig_payment_issue_007,paraphrase,Preciso de ajuda porque o pagamento ficou pendente.,"Estou enfrentando um problema no pagamento, pois preciso de ajuda porque o pagamento ficou pendente.",payment_issue,pending,
orig_payment_issue_007_paraphrase_02,orig_payment_issue_007,paraphrase,Preciso de ajuda porque o pagamento ficou pendente.,Preciso de suporte com a cobranca porque preciso de ajuda porque o pagamento ficou pendente.,payment_issue,pending,
orig_payment_issue_007_paraphrase_03,orig_payment_issue_007,paraphrase,Preciso de ajuda porque o pagamento ficou pendente.,A compra teve uma falha relacionada ao pagamento: preciso de ajuda porque o pagamento ficou pendente.,payment_issue,pending,
orig_payment_issue_007_punctuation_01,orig_payment_issue_007,punctuation,Preciso de ajuda porque o pagamento ficou pendente.,preciso de ajuda porque o pagamento ficou pendente...,payment_issue,pending,
orig_payment_issue_007_capitalization_01,orig_payment_issue_007,capitalization,Preciso de ajuda porque o pagamento ficou pendente.,PRECISO DE AJUDA PORQUE O PAGAMENTO FICOU PENDENTE.,payment_issue,pending,
orig_payment_issue_008_paraphrase_01,orig_payment_issue_008,paraphrase,Meu cartao foi cobrado mas o pedido nao aparece na conta.,"Estou enfrentando um problema no pagamento, pois meu cartao foi cobrado mas o pedido nao aparece na conta.",payment_issue,pending,
orig_payment_issue_008_paraphrase_02,orig_payment_issue_008,paraphrase,Meu cartao foi cobrado mas o pedido nao aparece na conta.,Preciso de suporte com a cobranca porque meu cartao foi cobrado mas o pedido nao aparece na conta.,payment_issue,pending,
orig_payment_issue_008_paraphrase_03,orig_payment_issue_008,paraphrase,Meu cartao foi cobrado mas o pedido nao aparece na conta.,A compra teve uma falha relacionada ao pagamento: meu cartao foi cobrado mas o pedido nao aparece na conta.,payment_issue,pending,
orig_payment_issue_008_punctuation_01,orig_payment_issue_008,punctuation,Meu cartao foi cobrado mas o pedido nao aparece na conta.,meu cartao foi cobrado mas o pedido nao aparece na conta...,payment_issue,pending,
orig_payment_issue_008_capitalization_01,orig_payment_issue_008,capitalization,Meu cartao foi cobrado mas o pedido nao aparece na conta.,meu cartao foi cobrado mas o pedido nao aparece na conta.,payment_issue,pending,
orig_payment_issue_009_paraphrase_01,orig_payment_issue_009,paraphrase,O site nao aceita o codigo de pagamento do boleto.,"Estou enfrentando um problema no pagamento, pois o site nao aceita o codigo de pagamento do boleto.",payment_issue,pending,
orig_payment_issue_009_paraphrase_02,orig_payment_issue_009,paraphrase,O site nao aceita o codigo de pagamento do boleto.,Preciso de suporte com a cobranca porque o site nao aceita o codigo de pagamento do boleto.,payment_issue,pending,
orig_payment_issue_009_paraphrase_03,orig_payment_issue_009,paraphrase,O site nao aceita o codigo de pagamento do boleto.,A compra teve uma falha relacionada ao pagamento: o site nao aceita o codigo de pagamento do boleto.,payment_issue,pending,
orig_payment_issue_009_punctuation_01,orig_payment_issue_009,punctuation,O site nao aceita o codigo de pagamento do boleto.,o site nao aceita o codigo de pagamento do boleto...,payment_issue,pending,
orig_payment_issue_009_capitalization_01,orig_payment_issue_009,capitalization,O site nao aceita o codigo de pagamento do boleto.,O site NAO aceita O codigo DE pagamento DO boleto.,payment_issue,pending,
orig_payment_issue_010_paraphrase_01,orig_payment_issue_010,paraphrase,Houve erro na hora de processar meu pagamento.,"Estou enfrentando um problema no pagamento, pois houve erro na hora de processar meu pagamento.",payment_issue,pending,
orig_payment_issue_010_paraphrase_02,orig_payment_issue_010,paraphrase,Houve erro na hora de processar meu pagamento.,Preciso de suporte com a cobranca porque houve erro na hora de processar meu pagamento.,payment_issue,pending,
orig_payment_issue_010_paraphrase_03,orig_payment_issue_010,paraphrase,Houve erro na hora de processar meu pagamento.,A compra teve uma falha relacionada ao pagamento: houve erro na hora de processar meu pagamento.,payment_issue,pending,
orig_payment_issue_010_punctuation_01,orig_payment_issue_010,punctuation,Houve erro na hora de processar meu pagamento.,houve erro na hora de processar meu pagamento...,payment_issue,pending,
orig_payment_issue_010_capitalization_01,orig_payment_issue_010,capitalization,Houve erro na hora de processar meu pagamento.,HOUVE ERRO NA HORA DE PROCESSAR MEU PAGAMENTO.,payment_issue,pending,
orig_product_information_001_paraphrase_01,orig_product_information_001,paraphrase,Esse produto tem garantia?,Quero confirmar uma informacao sobre o produto: esse produto tem garantia.,product_information,pending,
orig_product_information_001_paraphrase_02,orig_product_information_001,paraphrase,Esse produto tem garantia?,Tenho uma duvida sobre as caracteristicas do item: esse produto tem garantia.,product_information,pending,
orig_product_information_001_paraphrase_03,orig_product_information_001,paraphrase,Esse produto tem garantia?,Preciso saber um detalhe antes de comprar: esse produto tem garantia.,product_information,pending,
orig_product_information_001_punctuation_01,orig_product_information_001,punctuation,Esse produto tem garantia?,esse produto tem garantia?,product_information,pending,
orig_product_information_001_capitalization_01,orig_product_information_001,capitalization,Esse produto tem garantia?,esse produto tem garantia?,product_information,pending,
orig_product_information_002_paraphrase_01,orig_product_information_002,paraphrase,Gostaria de saber se esse celular esta disponivel na cor preta.,Quero confirmar uma informacao sobre o produto: gostaria de saber se esse celular esta disponivel na cor preta.,product_information,pending,
orig_product_information_002_paraphrase_02,orig_product_information_002,paraphrase,Gostaria de saber se esse celular esta disponivel na cor preta.,Tenho uma duvida sobre as caracteristicas do item: gostaria de saber se esse celular esta disponivel na cor preta.,product_information,pending,
orig_product_information_002_paraphrase_03,orig_product_information_002,paraphrase,Gostaria de saber se esse celular esta disponivel na cor preta.,Preciso saber um detalhe antes de comprar: gostaria de saber se esse celular esta disponivel na cor preta.,product_information,pending,
orig_product_information_002_punctuation_01,orig_product_information_002,punctuation,Gostaria de saber se esse celular esta disponivel na cor preta.,gostaria de saber se esse celular esta disponivel na cor preta...,product_information,pending,
orig_product_information_002_capitalization_01,orig_product_information_002,capitalization,Gostaria de saber se esse celular esta disponivel na cor preta.,GOSTARIA de SABER se ESSE celular ESTA disponivel NA cor PRETA.,product_information,pending,
orig_product_information_003_paraphrase_01,orig_product_information_003,paraphrase,Qual e o tamanho exato dessa mesa?,Quero confirmar uma informacao sobre o produto: qual e o tamanho exato dessa mesa.,product_information,pending,
orig_product_information_003_paraphrase_02,orig_product_information_003,paraphrase,Qual e o tamanho exato dessa mesa?,Tenho uma duvida sobre as caracteristicas do item: qual e o tamanho exato dessa mesa.,product_information,pending,
orig_product_information_003_paraphrase_03,orig_product_information_003,paraphrase,Qual e o tamanho exato dessa mesa?,Preciso saber um detalhe antes de comprar: qual e o tamanho exato dessa mesa.,product_information,pending,
orig_product_information_003_punctuation_01,orig_product_information_003,punctuation,Qual e o tamanho exato dessa mesa?,qual e o tamanho exato dessa mesa?,product_information,pending,
orig_product_information_003_capitalization_01,orig_product_information_003,capitalization,Qual e o tamanho exato dessa mesa?,QUAL E O TAMANHO EXATO DESSA MESA?,product_information,pending,
orig_product_information_004_paraphrase_01,orig_product_information_004,paraphrase,Esse notebook vem com carregador incluso?,Quero confirmar uma informacao sobre o produto: esse notebook vem com carregador incluso.,product_information,pending,
orig_product_information_004_paraphrase_02,orig_product_information_004,paraphrase,Esse notebook vem com carregador incluso?,Tenho uma duvida sobre as caracteristicas do item: esse notebook vem com carregador incluso.,product_information,pending,
orig_product_information_004_paraphrase_03,orig_product_information_004,paraphrase,Esse notebook vem com carregador incluso?,Preciso saber um detalhe antes de comprar: esse notebook vem com carregador incluso.,product_information,pending,
orig_product_information_004_punctuation_01,orig_product_information_004,punctuation,Esse notebook vem com carregador incluso?,esse notebook vem com carregador incluso?,product_information,pending,
orig_product_information_004_capitalization_01,orig_product_information_004,capitalization,Esse notebook vem com carregador incluso?,esse notebook vem com carregador incluso?,product_information,pending,
orig_product_information_005_paraphrase_01,orig_product_information_005,paraphrase,Preciso saber se a roupa tem tabela de medidas.,Quero confirmar uma informacao sobre o produto: preciso saber se a roupa tem tabela de medidas.,product_information,pending,
orig_product_information_005_paraphrase_02,orig_product_information_005,paraphrase,Preciso saber se a roupa tem tabela de medidas.,Tenho uma duvida sobre as caracteristicas do item: preciso saber se a roupa tem tabela de medidas.,product_information,pending,
orig_product_information_005_paraphrase_03,orig_product_information_005,paraphrase,Preciso saber se a roupa tem tabela de medidas.,Preciso saber um detalhe antes de comprar: preciso saber se a roupa tem tabela de medidas.,product_information,pending,
orig_product_information_005_punctuation_01,orig_product_information_005,punctuation,Preciso saber se a roupa tem tabela de medidas.,preciso saber se a roupa tem tabela de medidas...,product_information,pending,
orig_product_information_005_capitalization_01,orig_product_information_005,capitalization,Preciso saber se a roupa tem tabela de medidas.,PRECISO saber SE a ROUPA tem TABELA de MEDIDAS.,product_information,pending,
orig_product_information_006_paraphrase_01,orig_product_information_006,paraphrase,O produto e original ou similar?,Quero confirmar uma informacao sobre o produto: o produto e original ou similar.,product_information,pending,
orig_product_information_006_paraphrase_02,orig_product_information_006,paraphrase,O produto e original ou similar?,Tenho uma duvida sobre as caracteristicas do item: o produto e original ou similar.,product_information,pending,
orig_product_information_006_paraphrase_03,orig_product_information_006,paraphrase,O produto e original ou similar?,Preciso saber um detalhe antes de comprar: o produto e original ou similar.,product_information,pending,
orig_product_information_006_punctuation_01,orig_product_information_006,punctuation,O produto e original ou similar?,o produto e original ou similar?,product_information,pending,
orig_product_information_006_capitalization_01,orig_product_information_006,capitalization,O produto e original ou similar?,O PRODUTO E ORIGINAL OU SIMILAR?,product_information,pending,
orig_product_information_007_paraphrase_01,orig_product_information_007,paraphrase,Vocês tem previsao de reposicao desse item?,Quero confirmar uma informacao sobre o produto: vocês tem previsao de reposicao desse item.,product_information,pending,
orig_product_information_007_paraphrase_02,orig_product_information_007,paraphrase,Vocês tem previsao de reposicao desse item?,Tenho uma duvida sobre as caracteristicas do item: vocês tem previsao de reposicao desse item.,product_information,pending,
orig_product_information_007_paraphrase_03,orig_product_information_007,paraphrase,Vocês tem previsao de reposicao desse item?,Preciso saber um detalhe antes de comprar: vocês tem previsao de reposicao desse item.,product_information,pending,
orig_product_information_007_punctuation_01,orig_product_information_007,punctuation,Vocês tem previsao de reposicao desse item?,vocês tem previsao de reposicao desse item?,product_information,pending,
orig_product_information_007_capitalization_01,orig_product_information_007,capitalization,Vocês tem previsao de reposicao desse item?,vocês tem previsao de reposicao desse item?,product_information,pending,
orig_product_information_008_paraphrase_01,orig_product_information_008,paraphrase,Quais sao as especificacoes tecnicas desse monitor?,Quero confirmar uma informacao sobre o produto: quais sao as especificacoes tecnicas desse monitor.,product_information,pending,
orig_product_information_008_paraphrase_02,orig_product_information_008,paraphrase,Quais sao as especificacoes tecnicas desse monitor?,Tenho uma duvida sobre as caracteristicas do item: quais sao as especificacoes tecnicas desse monitor.,product_information,pending,
orig_product_information_008_paraphrase_03,orig_product_information_008,paraphrase,Quais sao as especificacoes tecnicas desse monitor?,Preciso saber um detalhe antes de comprar: quais sao as especificacoes tecnicas desse monitor.,product_information,pending,
orig_product_information_008_punctuation_01,orig_product_information_008,punctuation,Quais sao as especificacoes tecnicas desse monitor?,quais sao as especificacoes tecnicas desse monitor?,product_information,pending,
orig_product_information_008_capitalization_01,orig_product_information_008,capitalization,Quais sao as especificacoes tecnicas desse monitor?,QUAIS sao AS especificacoes TECNICAS desse MONITOR?,product_information,pending,
orig_product_information_009_paraphrase_01,orig_product_information_009,paraphrase,Esse fone funciona com celular Android?,Quero confirmar uma informacao sobre o produto: esse fone funciona com celular Android.,product_information,pending,
orig_product_information_009_paraphrase_02,orig_product_information_009,paraphrase,Esse fone funciona com celular Android?,Tenho uma duvida sobre as caracteristicas do item: esse fone funciona com celular Android.,product_information,pending,
orig_product_information_009_paraphrase_03,orig_product_information_009,paraphrase,Esse fone funciona com celular Android?,Preciso saber um detalhe antes de comprar: esse fone funciona com celular Android.,product_information,pending,
orig_product_information_009_punctuation_01,orig_product_information_009,punctuation,Esse fone funciona com celular Android?,esse fone funciona com celular Android?,product_information,pending,
orig_product_information_009_capitalization_01,orig_product_information_009,capitalization,Esse fone funciona com celular Android?,ESSE FONE FUNCIONA COM CELULAR ANDROID?,product_information,pending,
orig_product_information_010_paraphrase_01,orig_product_information_010,paraphrase,A cadeira suporta ate quantos quilos?,Quero confirmar uma informacao sobre o produto: a cadeira suporta ate quantos quilos.,product_information,pending,
orig_product_information_010_paraphrase_02,orig_product_information_010,paraphrase,A cadeira suporta ate quantos quilos?,Tenho uma duvida sobre as caracteristicas do item: a cadeira suporta ate quantos quilos.,product_information,pending,
orig_product_information_010_paraphrase_03,orig_product_information_010,paraphrase,A cadeira suporta ate quantos quilos?,Preciso saber um detalhe antes de comprar: a cadeira suporta ate quantos quilos.,product_information,pending,
orig_product_information_010_punctuation_01,orig_product_information_010,punctuation,A cadeira suporta ate quantos quilos?,a cadeira suporta ate quantos quilos?,product_information,pending,
orig_product_information_010_capitalization_01,orig_product_information_010,capitalization,A cadeira suporta ate quantos quilos?,a cadeira suporta ate quantos quilos?,product_information,pending,
orig_account_support_001_paraphrase_01,orig_account_support_001,paraphrase,Nao consigo acessar minha conta.,"Preciso de ajuda com minha conta, pois nao consigo acessar minha conta.",account_support,pending,
orig_account_support_001_paraphrase_02,orig_account_support_001,paraphrase,Nao consigo acessar minha conta.,Estou com dificuldade no cadastro ou acesso: nao consigo acessar minha conta.,account_support,pending,
orig_account_support_001_paraphrase_03,orig_account_support_001,paraphrase,Nao consigo acessar minha conta.,Quero suporte para resolver um problema de conta: nao consigo acessar minha conta.,account_support,pending,
orig_account_support_001_punctuation_01,orig_account_support_001,punctuation,Nao consigo acessar minha conta.,nao consigo acessar minha conta...,account_support,pending,
orig_account_support_001_capitalization_01,orig_account_support_001,capitalization,Nao consigo acessar minha conta.,NAO consigo ACESSAR minha CONTA.,account_support,pending,
orig_account_support_002_paraphrase_01,orig_account_support_002,paraphrase,Esqueci minha senha e preciso recuperar o acesso.,"Preciso de ajuda com minha conta, pois esqueci minha senha e preciso recuperar o acesso.",account_support,pending,
orig_account_support_002_paraphrase_02,orig_account_support_002,paraphrase,Esqueci minha senha e preciso recuperar o acesso.,Estou com dificuldade no cadastro ou acesso: esqueci minha senha e preciso recuperar o acesso.,account_support,pending,
orig_account_support_002_paraphrase_03,orig_account_support_002,paraphrase,Esqueci minha senha e preciso recuperar o acesso.,Quero suporte para resolver um problema de conta: esqueci minha senha e preciso recuperar o acesso.,account_support,pending,
orig_account_support_002_punctuation_01,orig_account_support_002,punctuation,Esqueci minha senha e preciso recuperar o acesso.,esqueci minha senha e preciso recuperar o acesso...,account_support,pending,
orig_account_support_002_capitalization_01,orig_account_support_002,capitalization,Esqueci minha senha e preciso recuperar o acesso.,ESQUECI MINHA SENHA E PRECISO RECUPERAR O ACESSO.,account_support,pending,
orig_account_support_003_paraphrase_01,orig_account_support_003,paraphrase,Meu login nao entra mesmo com a senha correta.,"Preciso de ajuda com minha conta, pois meu login nao entra mesmo com a senha correta.",account_support,pending,
orig_account_support_003_paraphrase_02,orig_account_support_003,paraphrase,Meu login nao entra mesmo com a senha correta.,Estou com dificuldade no cadastro ou acesso: meu login nao entra mesmo com a senha correta.,account_support,pending,
orig_account_support_003_paraphrase_03,orig_account_support_003,paraphrase,Meu login nao entra mesmo com a senha correta.,Quero suporte para resolver um problema de conta: meu login nao entra mesmo com a senha correta.,account_support,pending,
orig_account_support_003_punctuation_01,orig_account_support_003,punctuation,Meu login nao entra mesmo com a senha correta.,meu login nao entra mesmo com a senha correta...,account_support,pending,
orig_account_support_003_capitalization_01,orig_account_support_003,capitalization,Meu login nao entra mesmo com a senha correta.,meu login nao entra mesmo com a senha correta.,account_support,pending,
orig_account_support_004_paraphrase_01,orig_account_support_004,paraphrase,Quero alterar o e-mail cadastrado na minha conta.,"Preciso de ajuda com minha conta, pois quero alterar o e-mail cadastrado na minha conta.",account_support,pending,
orig_account_support_004_paraphrase_02,orig_account_support_004,paraphrase,Quero alterar o e-mail cadastrado na minha conta.,Estou com dificuldade no cadastro ou acesso: quero alterar o e-mail cadastrado na minha conta.,account_support,pending,
orig_account_support_004_paraphrase_03,orig_account_support_004,paraphrase,Quero alterar o e-mail cadastrado na minha conta.,Quero suporte para resolver um problema de conta: quero alterar o e-mail cadastrado na minha conta.,account_support,pending,
orig_account_support_004_punctuation_01,orig_account_support_004,punctuation,Quero alterar o e-mail cadastrado na minha conta.,quero alterar o e-mail cadastrado na minha conta...,account_support,pending,
orig_account_support_004_capitalization_01,orig_account_support_004,capitalization,Quero alterar o e-mail cadastrado na minha conta.,QUERO alterar O e-mail CADASTRADO na MINHA conta.,account_support,pending,
orig_account_support_005_paraphrase_01,orig_account_support_005,paraphrase,Meu cadastro esta com CPF errado e preciso corrigir.,"Preciso de ajuda com minha conta, pois meu cadastro esta com CPF errado e preciso corrigir.",account_support,pending,
orig_account_support_005_paraphrase_02,orig_account_support_005,paraphrase,Meu cadastro esta com CPF errado e preciso corrigir.,Estou com dificuldade no cadastro ou acesso: meu cadastro esta com CPF errado e preciso corrigir.,account_support,pending,
orig_account_support_005_paraphrase_03,orig_account_support_005,paraphrase,Meu cadastro esta com CPF errado e preciso corrigir.,Quero suporte para resolver um problema de conta: meu cadastro esta com CPF errado e preciso corrigir.,account_support,pending,
orig_account_support_005_punctuation_01,orig_account_support_005,punctuation,Meu cadastro esta com CPF errado e preciso corrigir.,meu cadastro esta com CPF errado e preciso corrigir...,account_support,pending,
orig_account_support_005_capitalization_01,orig_account_support_005,capitalization,Meu cadastro esta com CPF errado e preciso corrigir.,MEU CADASTRO ESTA COM CPF ERRADO E PRECISO CORRIGIR.,account_support,pending,
orig_account_support_006_paraphrase_01,orig_account_support_006,paraphrase,Nao recebo o codigo para redefinir a senha.,"Preciso de ajuda com minha conta, pois nao recebo o codigo para redefinir a senha.",account_support,pending,
orig_account_support_006_paraphrase_02,orig_account_support_006,paraphrase,Nao recebo o codigo para redefinir a senha.,Estou com dificuldade no cadastro ou acesso: nao recebo o codigo para redefinir a senha.,account_support,pending,
orig_account_support_006_paraphrase_03,orig_account_support_006,paraphrase,Nao recebo o codigo para redefinir a senha.,Quero suporte para resolver um problema de conta: nao recebo o codigo para redefinir a senha.,account_support,pending,
orig_account_support_006_punctuation_01,orig_account_support_006,punctuation,Nao recebo o codigo para redefinir a senha.,nao recebo o codigo para redefinir a senha...,account_support,pending,
orig_account_support_006_capitalization_01,orig_account_support_006,capitalization,Nao recebo o codigo para redefinir a senha.,nao recebo o codigo para redefinir a senha.,account_support,pending,
orig_account_support_007_paraphrase_01,orig_account_support_007,paraphrase,Minha conta foi bloqueada e nao sei o motivo.,"Preciso de ajuda com minha conta, pois minha conta foi bloqueada e nao sei o motivo.",account_support,pending,
orig_account_support_007_paraphrase_02,orig_account_support_007,paraphrase,Minha conta foi bloqueada e nao sei o motivo.,Estou com dificuldade no cadastro ou acesso: minha conta foi bloqueada e nao sei o motivo.,account_support,pending,
orig_account_support_007_paraphrase_03,orig_account_support_007,paraphrase,Minha conta foi bloqueada e nao sei o motivo.,Quero suporte para resolver um problema de conta: minha conta foi bloqueada e nao sei o motivo.,account_support,pending,
orig_account_support_007_punctuation_01,orig_account_support_007,punctuation,Minha conta foi bloqueada e nao sei o motivo.,minha conta foi bloqueada e nao sei o motivo...,account_support,pending,
orig_account_support_007_capitalization_01,orig_account_support_007,capitalization,Minha conta foi bloqueada e nao sei o motivo.,MINHA conta FOI bloqueada E nao SEI o MOTIVO.,account_support,pending,
orig_account_support_008_paraphrase_01,orig_account_support_008,paraphrase,Preciso atualizar meus dados de cadastro.,"Preciso de ajuda com minha conta, pois preciso atualizar meus dados de cadastro.",account_support,pending,
orig_account_support_008_paraphrase_02,orig_account_support_008,paraphrase,Preciso atualizar meus dados de cadastro.,Estou com dificuldade no cadastro ou acesso: preciso atualizar meus dados de cadastro.,account_support,pending,
orig_account_support_008_paraphrase_03,orig_account_support_008,paraphrase,Preciso atualizar meus dados de cadastro.,Quero suporte para resolver um problema de conta: preciso atualizar meus dados de cadastro.,account_support,pending,
orig_account_support_008_punctuation_01,orig_account_support_008,punctuation,Preciso atualizar meus dados de cadastro.,preciso atualizar meus dados de cadastro...,account_support,pending,
orig_account_support_008_capitalization_01,orig_account_support_008,capitalization,Preciso atualizar meus dados de cadastro.,PRECISO ATUALIZAR MEUS DADOS DE CADASTRO.,account_support,pending,
orig_account_support_009_paraphrase_01,orig_account_support_009,paraphrase,O aplicativo encerra a sessao sempre que tento entrar.,"Preciso de ajuda com minha conta, pois o aplicativo encerra a sessao sempre que tento entrar.",account_support,pending,
orig_account_support_009_paraphrase_02,orig_account_support_009,paraphrase,O aplicativo encerra a sessao sempre que tento entrar.,Estou com dificuldade no cadastro ou acesso: o aplicativo encerra a sessao sempre que tento entrar.,account_support,pending,
orig_account_support_009_paraphrase_03,orig_account_support_009,paraphrase,O aplicativo encerra a sessao sempre que tento entrar.,Quero suporte para resolver um problema de conta: o aplicativo encerra a sessao sempre que tento entrar.,account_support,pending,
orig_account_support_009_punctuation_01,orig_account_support_009,punctuation,O aplicativo encerra a sessao sempre que tento entrar.,o aplicativo encerra a sessao sempre que tento entrar...,account_support,pending,
orig_account_support_009_capitalization_01,orig_account_support_009,capitalization,O aplicativo encerra a sessao sempre que tento entrar.,o aplicativo encerra a sessao sempre que tento entrar.,account_support,pending,
orig_account_support_010_paraphrase_01,orig_account_support_010,paraphrase,Nao consigo criar uma nova conta no site.,"Preciso de ajuda com minha conta, pois nao consigo criar uma nova conta no site.",account_support,pending,
orig_account_support_010_paraphrase_02,orig_account_support_010,paraphrase,Nao consigo criar uma nova conta no site.,Estou com dificuldade no cadastro ou acesso: nao consigo criar uma nova conta no site.,account_support,pending,
orig_account_support_010_paraphrase_03,orig_account_support_010,paraphrase,Nao consigo criar uma nova conta no site.,Quero suporte para resolver um problema de conta: nao consigo criar uma nova conta no site.,account_support,pending,
orig_account_support_010_punctuation_01,orig_account_support_010,punctuation,Nao consigo criar uma nova conta no site.,nao consigo criar uma nova conta no site...,account_support,pending,
orig_account_support_010_capitalization_01,orig_account_support_010,capitalization,Nao consigo criar uma nova conta no site.,NAO consigo CRIAR uma NOVA conta NO site.,account_support,pending,
orig_other_001_paraphrase_01,orig_other_001,paraphrase,Obrigado pelo atendimento.,Minha mensagem para a loja e a seguinte: obrigado pelo atendimento.,other,pending,
orig_other_001_paraphrase_02,orig_other_001,paraphrase,Obrigado pelo atendimento.,Entro em contato apenas para dizer que obrigado pelo atendimento.,other,pending,
orig_other_001_paraphrase_03,orig_other_001,paraphrase,Obrigado pelo atendimento.,Gostaria de registrar esta mensagem: obrigado pelo atendimento.,other,pending,
orig_other_001_punctuation_01,orig_other_001,punctuation,Obrigado pelo atendimento.,obrigado pelo atendimento...,other,pending,
orig_other_001_capitalization_01,orig_other_001,capitalization,Obrigado pelo atendimento.,OBRIGADO PELO ATENDIMENTO.,other,pending,
orig_other_002_paraphrase_01,orig_other_002,paraphrase,Quero receber novidades e promocoes da loja.,Minha mensagem para a loja e a seguinte: quero receber novidades e promocoes da loja.,other,pending,
orig_other_002_paraphrase_02,orig_other_002,paraphrase,Quero receber novidades e promocoes da loja.,Entro em contato apenas para dizer que quero receber novidades e promocoes da loja.,other,pending,
orig_other_002_paraphrase_03,orig_other_002,paraphrase,Quero receber novidades e promocoes da loja.,Gostaria de registrar esta mensagem: quero receber novidades e promocoes da loja.,other,pending,
orig_other_002_punctuation_01,orig_other_002,punctuation,Quero receber novidades e promocoes da loja.,quero receber novidades e promocoes da loja...,other,pending,
orig_other_002_capitalization_01,orig_other_002,capitalization,Quero receber novidades e promocoes da loja.,quero receber novidades e promocoes da loja.,other,pending,
orig_other_003_paraphrase_01,orig_other_003,paraphrase,Parabens pela rapidez no suporte.,Minha mensagem para a loja e a seguinte: parabens pela rapidez no suporte.,other,pending,
orig_other_003_paraphrase_02,orig_other_003,paraphrase,Parabens pela rapidez no suporte.,Entro em contato apenas para dizer que parabens pela rapidez no suporte.,other,pending,
orig_other_003_paraphrase_03,orig_other_003,paraphrase,Parabens pela rapidez no suporte.,Gostaria de registrar esta mensagem: parabens pela rapidez no suporte.,other,pending,
orig_other_003_punctuation_01,orig_other_003,punctuation,Parabens pela rapidez no suporte.,parabens pela rapidez no suporte...,other,pending,
orig_other_003_capitalization_01,orig_other_003,capitalization,Parabens pela rapidez no suporte.,PARABENS pela RAPIDEZ no SUPORTE.,other,pending,
orig_other_004_paraphrase_01,orig_other_004,paraphrase,Onde encontro a politica de privacidade do site?,Minha mensagem para a loja e a seguinte: onde encontro a politica de privacidade do site.,other,pending,
orig_other_004_paraphrase_02,orig_other_004,paraphrase,Onde encontro a politica de privacidade do site?,Entro em contato apenas para dizer que onde encontro a politica de privacidade do site.,other,pending,
orig_other_004_paraphrase_03,orig_other_004,paraphrase,Onde encontro a politica de privacidade do site?,Gostaria de registrar esta mensagem: onde encontro a politica de privacidade do site.,other,pending,
orig_other_004_punctuation_01,orig_other_004,punctuation,Onde encontro a politica de privacidade do site?,onde encontro a politica de privacidade do site?,other,pending,
orig_other_004_capitalization_01,orig_other_004,capitalization,Onde encontro a politica de privacidade do site?,ONDE ENCONTRO A POLITICA DE PRIVACIDADE DO SITE?,other,pending,
orig_other_005_paraphrase_01,orig_other_005,paraphrase,Gostaria de deixar uma sugestao para melhorar o aplicativo.,Minha mensagem para a loja e a seguinte: gostaria de deixar uma sugestao para melhorar o aplicativo.,other,pending,
orig_other_005_paraphrase_02,orig_other_005,paraphrase,Gostaria de deixar uma sugestao para melhorar o aplicativo.,Entro em contato apenas para dizer que gostaria de deixar uma sugestao para melhorar o aplicativo.,other,pending,
orig_other_005_paraphrase_03,orig_other_005,paraphrase,Gostaria de deixar uma sugestao para melhorar o aplicativo.,Gostaria de registrar esta mensagem: gostaria de deixar uma sugestao para melhorar o aplicativo.,other,pending,
orig_other_005_punctuation_01,orig_other_005,punctuation,Gostaria de deixar uma sugestao para melhorar o aplicativo.,gostaria de deixar uma sugestao para melhorar o aplicativo...,other,pending,
orig_other_005_capitalization_01,orig_other_005,capitalization,Gostaria de deixar uma sugestao para melhorar o aplicativo.,gostaria de deixar uma sugestao para melhorar o aplicativo.,other,pending,
orig_other_006_paraphrase_01,orig_other_006,paraphrase,Vocês atendem lojas parceiras?,Minha mensagem para a loja e a seguinte: vocês atendem lojas parceiras.,other,pending,
orig_other_006_paraphrase_02,orig_other_006,paraphrase,Vocês atendem lojas parceiras?,Entro em contato apenas para dizer que vocês atendem lojas parceiras.,other,pending,
orig_other_006_paraphrase_03,orig_other_006,paraphrase,Vocês atendem lojas parceiras?,Gostaria de registrar esta mensagem: vocês atendem lojas parceiras.,other,pending,
orig_other_006_punctuation_01,orig_other_006,punctuation,Vocês atendem lojas parceiras?,vocês atendem lojas parceiras?,other,pending,
orig_other_006_capitalization_01,orig_other_006,capitalization,Vocês atendem lojas parceiras?,VOCÊS atendem LOJAS parceiras?,other,pending,
orig_other_007_paraphrase_01,orig_other_007,paraphrase,Como posso falar com a area comercial?,Minha mensagem para a loja e a seguinte: como posso falar com a area comercial.,other,pending,
orig_other_007_paraphrase_02,orig_other_007,paraphrase,Como posso falar com a area comercial?,Entro em contato apenas para dizer que como posso falar com a area comercial.,other,pending,
orig_other_007_paraphrase_03,orig_other_007,paraphrase,Como posso falar com a area comercial?,Gostaria de registrar esta mensagem: como posso falar com a area comercial.,other,pending,
orig_other_007_punctuation_01,orig_other_007,punctuation,Como posso falar com a area comercial?,como posso falar com a area comercial?,other,pending,
orig_other_007_capitalization_01,orig_other_007,capitalization,Como posso falar com a area comercial?,COMO POSSO FALAR COM A AREA COMERCIAL?,other,pending,
orig_other_008_paraphrase_01,orig_other_008,paraphrase,Estou apenas testando o chat.,Minha mensagem para a loja e a seguinte: estou apenas testando o chat.,other,pending,
orig_other_008_paraphrase_02,orig_other_008,paraphrase,Estou apenas testando o chat.,Entro em contato apenas para dizer que estou apenas testando o chat.,other,pending,
orig_other_008_paraphrase_03,orig_other_008,paraphrase,Estou apenas testando o chat.,Gostaria de registrar esta mensagem: estou apenas testando o chat.,other,pending,
orig_other_008_punctuation_01,orig_other_008,punctuation,Estou apenas testando o chat.,estou apenas testando o chat...,other,pending,
orig_other_008_capitalization_01,orig_other_008,capitalization,Estou apenas testando o chat.,estou apenas testando o chat.,other,pending,
orig_other_009_paraphrase_01,orig_other_009,paraphrase,Qual e o horario de atendimento da empresa?,Minha mensagem para a loja e a seguinte: qual e o horario de atendimento da empresa.,other,pending,
orig_other_009_paraphrase_02,orig_other_009,paraphrase,Qual e o horario de atendimento da empresa?,Entro em contato apenas para dizer que qual e o horario de atendimento da empresa.,other,pending,
orig_other_009_paraphrase_03,orig_other_009,paraphrase,Qual e o horario de atendimento da empresa?,Gostaria de registrar esta mensagem: qual e o horario de atendimento da empresa.,other,pending,
orig_other_009_punctuation_01,orig_other_009,punctuation,Qual e o horario de atendimento da empresa?,qual e o horario de atendimento da empresa?,other,pending,
orig_other_009_capitalization_01,orig_other_009,capitalization,Qual e o horario de atendimento da empresa?,QUAL e O horario DE atendimento DA empresa?,other,pending,
orig_other_010_paraphrase_01,orig_other_010,paraphrase,"Bom dia, queria saber se tem alguem disponivel.","Minha mensagem para a loja e a seguinte: bom dia, queria saber se tem alguem disponivel.",other,pending,
orig_other_010_paraphrase_02,orig_other_010,paraphrase,"Bom dia, queria saber se tem alguem disponivel.","Entro em contato apenas para dizer que bom dia, queria saber se tem alguem disponivel.",other,pending,
orig_other_010_paraphrase_03,orig_other_010,paraphrase,"Bom dia, queria saber se tem alguem disponivel.","Gostaria de registrar esta mensagem: bom dia, queria saber se tem alguem disponivel.",other,pending,
orig_other_010_punctuation_01,orig_other_010,punctuation,"Bom dia, queria saber se tem alguem disponivel.","bom dia, queria saber se tem alguem disponivel...",other,pending,
orig_other_010_capitalization_01,orig_other_010,capitalization,"Bom dia, queria saber se tem alguem disponivel.","BOM DIA, QUERIA SABER SE TEM ALGUEM DISPONIVEL.",other,pending,
